1,-0.542389941,,,,,,,
2,0.799520553,,,,,,,
3,-0.611200952,,,,,,,
4,0.164167996,,,,,,,
5,-0.050993917,,,,,,,
6,0.008001728,,,,,,,
7,-0.292535616,,,,,,,
8,-0.603088905,,,,,,,
9,-0.281545019,,,,,,,
10,-0.11551083,,,,,,,
11,0.028216817,,,,,,,
12,0.07087111,,,,,,,
13,0.4508159,,,,,,,
14,-0.216591786,,,,,,,
15,-0.209528113,,,,,,,
16,0.000236629,,,,,,,
17,-0.097247023,,,,,,,
18,-0.033985297,,,,,,,
19,0.128060317,,,,,,,
20,-0.427941421,,,,,,,
21,-0.054342897,,,,,,,
22,-0.301727938,,,,,,,
23,-0.085875905,,,,,,,
24,0.818366209,,,,,,,.
25,0.498320658,,,,,,,
26,0.560405262,,,,,,,
27,0.066561746,,,,,,,
28,0.001406793,,,,,,,
29,0.001357265,,,,,,,
30,0.097113688,,,,,,,
31,-0.12350979,,,,,,,
32,0.0840587,,,,,,,
33,0.059264256,,,,,,,
34,0.331829533,,,,,,,
35,0.111455338,,,,,,,
36,0.354127512,,,,,,,
37,0.17816276,,,,,,,
38,0.236077643,,,,,,,
39,-0.141447326,,,,,,,
40,-0.022033113,,,,,,,
41,-1.595227496,,,,,,,
42,-0.514086935,,,,,,,
43,0.76802611,,,,,,,
44,-0.922948976,,,,,,,
45,-0.451115955,,,,,,,
46,0.483702569,,,,,,,
47,0.767024253,,,,,,,
48,0.050968265,,,,,,,
49,0.277272962,,,,,,,
50,-0.765188773,,,,,,,
51,-0.03080268,,,,,,,
52,-0.300046614,,,,,,,
53,-2.707493891,,,,,,,
54,-1.28824475,,,,,,,
55,1.75156552,,,,,,,
56,3.805813887,,,,,,,
57,1.156027002,,,,,,,
58,0.349304131,,,,,,,
59,1.387966595,,,,,,,
60,0.009607698,,,,,,,
61,-0.102250386,,,,,,,
62,0.025308513,,,,,,,
63,0.244423775,,,,,,,
64,1.826651346,,,,,,,
65,-1.774725855,,,,,,,
66,-6.147842716,,,,,,,
67,5.443699705,,,,,,,
68,1.787650684,,,,,,,
69,-0.055176044,,,,,,,
70,-0.026457658,,,,,,,
71,-0.268216036,,,,,,,
72,-0.495422969,,,,,,,
73,0.208085803,,,,,,,
74,-0.004177569,,,,,,,
75,-0.324159445,,,,,,,
76,-0.131611421,,,,,,,
77,0.597987831,,,,,,,
78,-0.286259252,,,,,,,
79,0.027238155,,,,,,,
80,-1.072031789,,,,,,,
81,0.00300161,,,,,,,
82,0.007390795,,,,,,,
83,-0.006721201,,,,,,,
84,-0.277455792,,,,,,,
85,0.000529564,,,,,,,
86,0.211821075,,,,,,,
87,0.015347286,,,,,,,
88,-0.000925428,,,,,,,
89,-0.105635978,,,,,,,
90,-0.864244514,,,,,,,
91,0.138527299,,,,,,,
92,-0.022813973,,,,,,,
93,0.046970258,,,,,,,
94,0.169498421,,,,,,,
95,-0.303049882,,,,,,,
96,-0.393319137,,,,,,,
97,0.359666418,,,,,,,
98,0.176493836,,,,,,,
99,-0.094889601,,,,,,,
100,-0.046464221,,,,,,,
101,-0.101831432,,,,,,,
102,1.016797416,,,,,,,
103,-2.535672644,,,,,,,
104,-5.283364541,,,,,,,
105,2.250649314,,,,,,,
106,0.320132115,,,,,,,
107,0.091166066,,,,,,,
108,0.021680267,,,,,,,
109,0.210384798,,,,,,,
110,-0.091914706,,,,,,,
111,2.217585724,,,,,,,
112,0.304852499,,,,,,,
113,0.013647159,,,,,,,
114,0.171882672,,,,,,,
115,0.301756573,,,,,,,
116,-0.045025618,,,,,,,
117,0.081437739,,,,,,,
118,-0.159131416,,,,,,,
119,1.477246785,,,,,,,
120,4.638481456,,,,,,,
121,15.07042532,,,,,,,
122,3.807203839,,,,,,,
123,-0.00408765,,,,,,,
124,0.104940814,,,,,,,
125,-0.026607269,,,,,,,
126,-0.282874953,,,,,,,
127,-0.028157378,,,,,,,
128,2.7603743,,,,,,,
129,-2.86846695,,,,,,,
130,-1.657463918,,,,,,,
131,-0.065819856,,,,,,,
132,-1.381888316,,,,,,,
133,-13.87717115,,,,,,,
134,0.06085011,,,,,,,
135,0.648000829,,,,,,,
136,0.022248763,,,,,,,
137,-0.001057655,,,,,,,
138,-0.100070298,,,,,,,
139,0.125946965,,,,,,,
140,0.00085035,,,,,,,
141,-0.038441502,,,,,,,
142,-0.005886272,,,,,,,
143,0.232404604,,,,,,,
144,-0.141140859,,,,,,,
145,1.280604959,,,,,,,
146,0.009452012,,,,,,,
147,0.071677836,,,,,,,
148,-0.009558353,,,,,,,
149,0.058028051,,,,,,,
150,0.022596856,,,,,,,
151,0.000134234,,,,,,,
152,0.220037685,,,,,,,
153,-0.048764641,,,,,,,
154,2.089065756,,,,,,,
155,0.425142901,,,,,,,
156,-0.021031084,,,,,,,
157,-0.963033856,,,,,,,
158,3.830571071,,,,,,,
159,6.047209101,,,,,,,
160,0.099313231,,,,,,,
161,-0.056211186,,,,,,,
162,-0.12170921,,,,,,,
163,-0.13408456,,,,,,,
164,0.000191964,,,,,,,
165,-0.097448239,,,,,,,
166,4.732513415,,,,,,,
167,-0.172799792,,,,,,,
168,-0.065093545,,,,,,,
169,0.00215669,,,,,,,
170,0.025780601,,,,,,,
171,-0.012773327,,,,,,,
172,-0.569720197,,,,,,,
173,0.330533622,,,,,,,
174,0.040940285,,,,,,,
175,-0.016922707,,,,,,,
176,-0.626355142,,,,,,,
177,-3.01335002,,,,,,,
178,-0.035603225,,,,,,,
179,0.000401222,,,,,,,
180,0.003246745,,,,,,,
181,-2.157147004,,,,,,,
182,-5.592018849,,,,,,,
183,-1.190968906,,,,,,,
184,-0.025076176,,,,,,,
185,-0.071423281,,,,,,,
186,0.037845746,,,,,,,
187,0.141312956,,,,,,,
188,0.411944844,,,,,,,
189,0.126486481,,,,,,,
190,0.01282954,,,,,,,
191,0.159280285,,,,,,,
192,0.018754329,,,,,,,
193,0.579981405,,,,,,,
194,0.418780248,,,,,,,
195,3.421707318,,,,,,,
196,-0.314400101,,,,,,,
197,0.078960402,,,,,,,
198,0.741758658,,,,,,,
199,-0.971849959,,,,,,,
200,0.025811325,,,,,,,
201,-0.019757161,,,,,,,
202,0.083273204,,,,,,,
203,0.003744736,,,,,,,
204,-0.117915395,,,,,,,
205,-0.012842555,,,,,,,
206,0.008654206,,,,,,,
207,-0.043457215,,,,,,,
208,-0.878315509,,,,,,,
209,0.524147655,,,,,,,
210,-0.169115457,,,,,,,
211,0.047971351,,,,,,,
212,-0.492908268,,,,,,,
213,0.577285065,,,,,,,
214,-2.980653224,,,,,,,
215,2.13979724,,,,,,,
216,-5.169676585,,,,,,,
217,-0.096466724,,,,,,,
218,-0.008303904,,,,,,,
219,3.947843918,,,,,,,
220,1.159737669,,,,,,,
221,3.100721519,,,,,,,
222,-0.730919724,,,,,,,
223,0.455056977,,,,,,,
224,-7.695169334,,,,,,,
225,-6.037880161,,,,,,,
226,5.408609933,,,,,,,
227,-3.603857451,,,,,,,
228,8.897825857,,,,,,,
229,2.800059915,,,,,,,
230,0.027172361,,,,,,,
231,2.591132873,,,,,,,
232,5.780764501,,,,,,,
233,-0.030748775,,,,,,,
234,-0.035062958,,,,,,,
235,0.202807056,,,,,,,
236,3.193858787,,,,,,,
237,-0.109083583,,,,,,,
238,-0.204055474,,,,,,,
239,0.114151757,,,,,,,
240,-0.020189542,,,,,,,
241,-0.143971189,,,,,,,
242,-0.314033718,,,,,,,
243,0.006896463,,,,,,,
244,-0.068004016,,,,,,,
245,-0.056667948,,,,,,,
246,-0.224237883,,,,,,,
247,0.103137677,,,,,,,
248,0.862293099,,,,,,,
249,-0.475150668,,,,,,,
250,-0.089514607,,,,,,,
251,-0.034053063,,,,,,,
252,-0.25074509,,,,,,,
253,-1.259259229,,,,,,,
254,3.883066581,,,,,,,
255,0.653103944,,,,,,,
256,0.774388092,,,,,,,
257,0.787903548,,,,,,,
258,12.74479478,,,,,,,
259,-0.073585029,,,,,,,
260,-0.107094344,,,,,,,
261,1.333091479,,,,,,,
262,4.513035448,,,,,,,
263,0.396068809,,,,,,,
264,-4.337098568,,,,,,,
265,-0.807336338,,,,,,,
266,-0.015318949,,,,,,,
267,0.924810874,,,,,,,
268,0.923562055,,,,,,,
269,-0.022818089,,,,,,,
270,0.048876949,,,,,,,
271,-0.149999625,,,,,,,
272,-0.259051543,,,,,,,
273,0.949058298,,,,,,,
274,9.194036416,,,,,,,
275,5.325689545,,,,,,,
276,-10.98518081,,,,,,,
277,0.040983238,,,,,,,
278,-0.079802007,,,,,,,
279,-0.983047549,,,,,,,
280,-2.01584891,,,,,,,
281,3.779840446,,,,,,,
282,-7.330866082,,,,,,,
283,-0.239350038,,,,,,,
284,9.844232841,,,,,,,
285,0.005785465,,,,,,,
286,0.189956746,,,,,,,
287,-1.361424318,,,,,,,
288,0.087003119,,,,,,,
289,0.148648877,,,,,,,
290,-0.239388332,,,,,,,
291,-0.142513655,,,,,,,
292,0.008234468,,,,,,,
293,-0.427706022,,,,,,,
294,-0.779235317,,,,,,,
295,-0.098558423,,,,,,,
296,0.009677752,,,,,,,
297,0.015070247,,,,,,,
298,1.753139601,,,,,,,
299,0.039695677,,,,,,,
300,-0.034122977,,,,,,,
301,0.301095694,,,,,,,
302,3.472924946,,,,,,,
303,0.042814167,,,,,,,
304,1.909056448,,,,,,,
305,0.036054167,,,,,,,
306,-0.454665782,,,,,,,
307,-0.71751301,,,,,,,
308,0.010795849,,,,,,,
309,-1.022937868,,,,,,,
310,0.034247759,,,,,,,
311,0.057112715,,,,,,,
312,-0.202245869,,,,,,,
313,0.071078483,,,,,,,
314,-0.443978447,,,,,,,
315,0.136122307,,,,,,,
316,-0.764382984,,,,,,,
317,-2.600401813,,,,,,,
318,0.555225021,,,,,,,
319,1.762786571,,,,,,,
320,-7.615918749,,,,,,,
321,-0.057219277,,,,,,,
322,-5.03870578,,,,,,,
323,0.084337073,,,,,,,
324,-3.293760545,,,,,,,
325,12.55258028,,,,,,,
326,8.988266295,,,,,,,
327,0.157093651,,,,,,,
328,-2.393076806,,,,,,,
329,0.016388097,,,,,,,
330,-0.236875232,,,,,,,
331,-0.314903796,,,,,,,
332,1.458331476,,,,,,,
333,-0.296231428,,,,,,,
334,-0.156731831,,,,,,,
335,0.638042799,,,,,,,
336,-12.93613039,,,,,,,
337,5.97554426,,,,,,,
338,2.556943525,,,,,,,
339,0.042007426,,,,,,,
340,0.133215163,,,,,,,
341,0.348188115,,,,,,,
342,-0.538501686,,,,,,,
343,-0.09059015,,,,,,,
344,1.085902304,,,,,,,
345,-1.515546234,,,,,,,
346,-0.030263927,,,,,,,
347,-0.202744199,,,,,,,
348,-0.007193789,,,,,,,
349,-0.028945309,,,,,,,
350,0.503373104,,,,,,,
351,0.320245349,,,,,,,
352,0.171623541,,,,,,,
353,0.084683433,,,,,,,
354,-2.461985852,,,,,,,
355,-0.160231275,,,,,,,
356,3.295146531,,,,,,,
357,0.023764147,,,,,,,
358,-0.283743066,,,,,,,
359,0.252427076,,,,,,,
360,0.001415021,,,,,,,
361,-0.112505836,,,,,,,
362,0.103649312,,,,,,,
363,0.080621963,,,,,,,
364,0.136458747,,,,,,,
365,0.281029808,,,,,,,
366,0.309770649,,,,,,,
367,-0.098004422,,,,,,,
368,-0.125553634,,,,,,,
369,0.184200308,,,,,,,
370,-0.040170207,,,,,,,
371,-2.078215298,,,,,,,
372,-6.795579327,,,,,,,
373,-8.371186267,,,,,,,
374,-0.133664678,,,,,,,
375,-0.399922864,,,,,,,
376,0.096640227,,,,,,,
377,0.00098029,,,,,,,
378,-0.058149476,,,,,,,
379,-0.002208204,,,,,,,
380,-0.021338593,,,,,,,
381,-3.038141314,,,,,,,
382,1.763056695,,,,,,,
383,0.015332544,,,,,,,
384,0.405790268,,,,,,,
385,0.029681603,,,,,,,
386,-1.477095796,,,,,,,
387,-0.047288826,,,,,,,
388,-2.412433937,,,,,,,
389,0.012639944,,,,,,,
390,0.001865994,,,,,,,
391,0.006209299,,,,,,,
392,0.050636127,,,,,,,
393,0.025323596,,,,,,,
394,-0.078165284,,,,,,,
395,0.107374428,,,,,,,
396,3.551783767,,,,,,,
397,-0.205415064,,,,,,,
398,-0.861555528,,,,,,,
399,0.034389116,,,,,,,
400,-0.020714725,,,,,,,
401,3.249785819,,,,,,,
402,-0.166575617,,,,,,,
403,0.003983997,,,,,,,
404,0.309373132,,,,,,,
405,-0.282051399,,,,,,,
406,-0.000277532,,,,,,,
407,-0.028786235,,,,,,,
408,0.095964188,,,,,,,
409,-0.508259894,,,,,,,
410,-2.81889739,,,,,,,
411,1.316443947,,,,,,,
412,0.295106523,,,,,,,
413,0.374352496,,,,,,,
414,1.119571395,,,,,,,
415,-7.056208558,,,,,,,
416,0.006133497,,,,,,,
417,1.022034869,,,,,,,
418,-0.874209669,,,,,,,
419,-0.599829473,,,,,,,
420,-0.860706824,,,,,,,
421,10.36548789,,,,,,,
422,0.050535227,,,,,,,
423,1.222430102,,,,,,,
424,-0.012839102,,,,,,,
425,-0.079236378,,,,,,,
426,-0.002363861,,,,,,,
427,0.559185331,,,,,,,
428,-5.622980359,,,,,,,
429,0.01008885,,,,,,,
430,-0.008050841,,,,,,,
431,-0.00325709,,,,,,,
432,-0.023357132,,,,,,,
433,-0.027916545,,,,,,,
434,0.251148169,,,,,,,
435,-8.040931324,,,,,,,
436,9.489222207,,,,,,,
437,1.052517117,,,,,,,
438,-6.243607057,,,,,,,
439,-6.38499101,,,,,,,
440,0.006222676,,,,,,,
441,-0.082088174,,,,,,,
442,-0.032022913,,,,,,,
443,0.117831793,,,,,,,
444,-0.000236373,,,,,,,
445,-0.683436428,,,,,,,
446,1.21522717,,,,,,,
447,4.629564249,,,,,,,
448,-0.689660261,,,,,,,
449,-0.083226055,,,,,,,
450,-0.001836457,,,,,,,
451,-0.464311383,,,,,,,
452,-3.241839215,,,,,,,
453,-2.600983267,,,,,,,
454,-22.75198018,,,,,,,
455,-0.049600368,,,,,,,
456,-0.354997943,,,,,,,
457,-0.041025509,,,,,,,
458,-0.02572048,,,,,,,
459,0.065464778,,,,,,,
460,0.356184757,,,,,,,
461,0.039879136,,,,,,,
462,-21.31083647,,,,,,,
463,-4.18489223,,,,,,,
464,0.048256908,,,,,,,
465,0.291693147,,,,,,,
466,-3.755044997,,,,,,,
467,-0.116670408,,,,,,,
468,-0.033984294,,,,,,,
469,1.808626704,,,,,,,
470,-0.414319689,,,,,,,
471,-0.161953648,,,,,,,
472,-0.837012811,,,,,,,
473,-0.302592045,,,,,,,
474,-1.112306251,,,,,,,
475,-0.382973094,,,,,,,
476,-0.130651011,,,,,,,
477,-0.136019563,,,,,,,
478,0.013519505,,,,,,,
479,0.023587004,,,,,,,
480,-0.252602047,,,,,,,
481,-0.323910937,,,,,,,
482,0.556659074,,,,,,,
483,-0.030286195,,,,,,,
484,0.200215148,,,,,,,
485,-0.003925707,,,,,,,
486,0.280988834,,,,,,,
487,0.008693873,,,,,,,
488,1.279654791,,,,,,,
489,0.634745016,,,,,,,
490,-0.134643083,,,,,,,
491,-2.248887655,,,,,,,
492,17.00582649,,,,,,,
493,0.164096638,,,,,,,
494,0.00528155,,,,,,,
495,0.060083218,,,,,,,
496,2.838233205,,,,,,,
497,2.060209265,,,,,,,
498,14.46700768,,,,,,,
499,2.092403047,,,,,,,
500,-0.056889636,,,,,,,
501,-0.788987585,,,,,,,
502,0.009690425,,,,,,,
503,0.010876378,,,,,,,
504,0.548465812,,,,,,,
505,-0.261434904,,,,,,,
506,0.702718418,,,,,,,
507,0.051929628,,,,,,,
508,0.092773577,,,,,,,
509,0.007256059,,,,,,,
510,0.015819661,,,,,,,
511,-2.921455501,,,,,,,
512,8.288473226,,,,,,,
513,4.610831139,,,,,,,
514,-0.09635074,,,,,,,
515,-1.931691076,,,,,,,
516,0.303719821,,,,,,,
517,-0.503392945,,,,,,,
518,0.180895501,,,,,,,
519,0.74410985,,,,,,,
520,-0.640231407,,,,,,,
521,-0.287638635,,,,,,,
522,0.067896082,,,,,,,
523,0.028252635,,,,,,,
524,0.249135342,,,,,,,
525,1.649943026,,,,,,,
526,-11.74599246,,,,,,,
527,0.089430484,,,,,,,
528,-0.005078067,,,,,,,
529,-1.830711694,,,,,,,
530,-7.28835631,,,,,,,
531,-7.230004549,,,,,,,
532,-3.004773039,,,,,,,
533,-0.050091594,,,,,,,
534,-2.852042309,,,,,,,
535,-1.267346924,,,,,,,
536,-11.74072694,,,,,,,
537,5.148820593,,,,,,,
538,-0.086121496,,,,,,,
539,-0.008462029,,,,,,,
540,-0.063930816,,,,,,,
541,0.805365666,,,,,,,
542,-14.46649141,,,,,,,
543,-9.897964582,,,,,,,
544,0.037811538,,,,,,,
545,1.014297925,,,,,,,
546,-0.92053681,,,,,,,
547,-0.034861557,,,,,,,
548,0.117007089,,,,,,,
549,0.195770878,,,,,,,
550,0.089943871,,,,,,,
551,0.086455694,,,,,,,
552,1.675260797,,,,,,,
553,7.980009304,,,,,,,
554,4.211531942,,,,,,,
555,0.007017624,,,,,,,
556,0.150089524,,,,,,,
557,-0.081080355,,,,,,,
558,0.144371051,,,,,,,
559,-3.406264551,,,,,,,
560,-0.446888436,,,,,,,
561,0.001784429,,,,,,,
562,-0.000908314,,,,,,,
563,-0.028599335,,,,,,,
564,-0.034546704,,,,,,,
565,0.060819276,,,,,,,
566,-0.006595307,,,,,,,
567,-0.173626382,,,,,,,
568,-0.065825969,,,,,,,
569,1.269531413,,,,,,,
570,-3.125065945,,,,,,,
571,-0.682372193,,,,,,,
572,-0.002118489,,,,,,,
573,0.009494189,,,,,,,
574,0.012570351,,,,,,,
575,0.026768192,,,,,,,
576,-0.183407662,,,,,,,
577,0.025011973,,,,,,,
578,0.01421904,,,,,,,
579,0.012389753,,,,,,,
580,-0.495289777,,,,,,,
581,0.075882964,,,,,,,
582,-0.840053947,,,,,,,
583,-1.766354879,,,,,,,
584,-0.036557816,,,,,,,
585,0.013000082,,,,,,,
586,0,,,,,,,
587,-0.054007441,,,,,,,
588,0.098065789,,,,,,,
589,0.992219142,,,,,,,
590,2.217539064,,,,,,,
591,0.324848656,,,,,,,
592,0.107752784,,,,,,,
593,0.112470696,,,,,,,
594,0.045822748,,,,,,,
595,0.051623709,,,,,,,
596,0.93037922,,,,,,,
597,-4.403105608,,,,,,,
598,0.095740121,,,,,,,
599,0.001843621,,,,,,,
600,-0.713635335,,,,,,,
601,-0.342439242,,,,,,,
602,-0.151824193,,,,,,,
603,0.675718344,,,,,,,
604,0.081583417,,,,,,,
605,2.029037525,,,,,,,
606,0.463395067,,,,,,,
607,0.176356652,,,,,,,
608,-0.160939905,,,,,,,
609,0.789794453,,,,,,,
610,-0.626202392,,,,,,,
611,7.304281149,,,,,,,
612,-0.007684666,,,,,,,
613,0.017817584,,,,,,,
614,-0.034181968,,,,,,,
615,-3.710734865,,,,,,,
616,1.921838682,,,,,,,
617,14.1076495,,,,,,,
618,-0.082986292,,,,,,,
619,0.059419869,,,,,,,
620,0.041963744,,,,,,,
621,-0.168365223,,,,,,,
622,0.007124463,,,,,,,
623,-0.011833319,,,,,,,
624,0.235623172,,,,,,,
625,0.003680891,,,,,,,
626,0.153566714,,,,,,,
627,-7.37E-05,,,,,,,
628,0.012355715,,,,,,,
629,-0.116195574,,,,,,,
630,-0.060328056,,,,,,,
631,-0.171063242,,,,,,,
632,-0.006874953,,,,,,,
633,0.031572997,,,,,,,
634,-0.021117929,,,,,,,
635,0.158699198,,,,,,,
636,-0.024915256,,,,,,,
637,0.001842275,,,,,,,
638,-0.000618082,,,,,,,
639,-0.006436589,,,,,,,
640,-1.597083537,,,,,,,
641,1.689702806,,,,,,,
642,6.966392203,,,,,,,
643,0.027440568,,,,,,,
644,-0.035789081,,,,,,,
645,0.02247459,,,,,,,
646,0.2983483,,,,,,,
647,0.004973168,,,,,,,
648,-0.001221758,,,,,,,
649,0.451373797,,,,,,,
650,0.327733668,,,,,,,
651,-0.21030803,,,,,,,
652,-0.172543595,,,,,,,
653,0.045312906,,,,,,,
654,-0.619142123,,,,,,,
655,-5.563261095,,,,,,,
656,9.677938838,,,,,,,
657,4.216775178,,,,,,,
658,4.388944999,,,,,,,
659,9.374122294,,,,,,,
660,0.412151715,,,,,,,
661,1.188267681,,,,,,,
662,2.093388365,,,,,,,
663,0.465535404,,,,,,,
664,3.995999441,,,,,,,
665,0.075764469,,,,,,,
666,2.806918995,,,,,,,
667,-0.904893695,,,,,,,
668,0.003263936,,,,,,,
669,0.011160904,,,,,,,
670,0.725063318,,,,,,,
671,0.165973095,,,,,,,
672,-0.148697222,,,,,,,
673,0.190073776,,,,,,,
674,0.794412932,,,,,,,
675,5.014990062,,,,,,,
676,-0.028035389,,,,,,,
677,0.111457824,,,,,,,
678,0.323653183,,,,,,,
679,-3.34004994,,,,,,,
680,-0.14127582,,,,,,,
681,0.09805269,,,,,,,
682,-0.115596123,,,,,,,
683,-0.001068678,,,,,,,
684,-0.222456525,,,,,,,
685,-0.695899586,,,,,,,
686,-2.504950093,,,,,,,
687,-0.324600524,,,,,,,
688,-1.832165883,,,,,,,
689,0.042374988,,,,,,,
690,0.053500209,,,,,,,
691,-0.148122246,,,,,,,
692,-0.018723909,,,,,,,
693,0.489384363,,,,,,,
694,0.040472566,,,,,,,
695,-0.036809239,,,,,,,
696,0.056448895,,,,,,,
697,-0.020665339,,,,,,,
698,1.025877528,,,,,,,
699,-0.216880234,,,,,,,
700,0.013178321,,,,,,,
701,-1.060422388,,,,,,,
702,1.605021164,,,,,,,
703,2.131379821,,,,,,,
704,-1.407994634,,,,,,,
705,-0.07215939,,,,,,,
706,-0.003933478,,,,,,,
707,-0.004078955,,,,,,,
708,0.021420315,,,,,,,
709,0,,,,,,,
710,-0.175936213,,,,,,,
711,-0.503667804,,,,,,,
712,8.210926302,,,,,,,
713,-2.519951053,,,,,,,
714,0.002454277,,,,,,,
715,0.003802497,,,,,,,
716,0.004142705,,,,,,,
717,-0.000288554,,,,,,,
718,0.10228363,,,,,,,
719,-0.429684956,,,,,,,
720,0.013803391,,,,,,,
721,0.012365901,,,,,,,
722,0.191028065,,,,,,,
723,0.410464612,,,,,,,
724,2.999967103,,,,,,,
725,-2.387899571,,,,,,,
726,-0.095251429,,,,,,,
727,0.003670106,,,,,,,
728,-0.00808503,,,,,,,
729,-0.292396382,,,,,,,
730,5.87267822,,,,,,,
731,5.889800581,,,,,,,
732,12.75253596,,,,,,,
733,0.007329745,,,,,,,
734,-0.112898522,,,,,,,
735,0.18489569,,,,,,,
736,0.454402412,,,,,,,
737,-0.111792019,,,,,,,
738,0.021707107,,,,,,,
739,0.026027243,,,,,,,
740,0.110064557,,,,,,,
741,1.075279717,,,,,,,
742,-11.75752381,,,,,,,
743,0.617379078,,,,,,,
744,0.184880563,,,,,,,
745,-0.007286803,,,,,,,
746,-0.174978239,,,,,,,
747,-0.201136139,,,,,,,
748,0.376193535,,,,,,,
749,-0.484811751,,,,,,,
750,-0.255005134,,,,,,,
751,0.02536767,,,,,,,
752,0.207934695,,,,,,,
753,0.030785871,,,,,,,
754,-0.088202828,,,,,,,
755,0.095632352,,,,,,,
756,-0.351113796,,,,,,,
757,-0.066284069,,,,,,,
758,0.005875882,,,,,,,
759,-0.032783999,,,,,,,
760,0.881314071,,,,,,,
761,-0.082175532,,,,,,,
762,-0.176154601,,,,,,,
763,1.648392347,,,,,,,
764,-1.497465905,,,,,,,
765,6.610841712,,,,,,,
766,-0.000110766,,,,,,,
767,0.080086524,,,,,,,
768,-0.033996242,,,,,,,
769,-0.271325955,,,,,,,
770,4.699289178,,,,,,,
771,-2.741180476,,,,,,,
772,-0.026611381,,,,,,,
773,0.130937751,,,,,,,
774,-0.103880285,,,,,,,
775,0.53341775,,,,,,,
776,8.673105018,,,,,,,
777,12.53297601,,,,,,,
778,-0.038121853,,,,,,,
779,-0.055490948,,,,,,,
780,0.273533236,,,,,,,
781,1.345756418,,,,,,,
782,4.397326205,,,,,,,
783,4.666137445,,,,,,,
784,2.845114581,,,,,,,
785,-0.046800063,,,,,,,
786,-0.33377169,,,,,,,
787,0.459913719,,,,,,,
788,0.001515889,,,,,,,
789,0.676636657,,,,,,,
790,-0.26442951,,,,,,,
791,1.198518025,,,,,,,
792,-0.008644807,,,,,,,
793,-1.6281406,,,,,,,
794,0.294752419,,,,,,,
795,-0.329027377,,,,,,,
796,-0.021585343,,,,,,,
797,0.399684823,,,,,,,
798,0.207112208,,,,,,,
799,-2.00326839,,,,,,,
800,1.111002366,,,,,,,
801,0.372212399,,,,,,,
802,0.092276511,,,,,,,
803,-1.080732637,,,,,,,
804,0.044657517,,,,,,,
805,0.060025607,,,,,,,
806,-1.488845968,,,,,,,
807,-0.46780472,,,,,,,
808,0.790340103,,,,,,,
809,-0.035579811,,,,,,,
810,0.117770479,,,,,,,
811,-0.159601934,,,,,,,
812,0.194581409,,,,,,,
813,-0.617223353,,,,,,,
814,0.129900172,,,,,,,
815,0.154641347,,,,,,,
816,0.06616882,,,,,,,
817,0.075145279,,,,,,,
818,0.29872882,,,,,,,
819,0.005580435,,,,,,,
820,0.78372026,,,,,,,
821,-0.201711918,,,,,,,
822,-1.004790302,,,,,,,
823,-0.150077516,,,,,,,
824,-0.308715788,,,,,,,
825,0.203369508,,,,,,,
826,4.497864925,,,,,,,
827,-0.472943316,,,,,,,
828,1.155934642,,,,,,,
829,-0.015798549,,,,,,,
830,2.96262276,,,,,,,
831,-2.37963582,,,,,,,
832,-1.50048864,,,,,,,
833,0.057354165,,,,,,,
834,0.028515177,,,,,,,
835,0.774885876,,,,,,,
836,-0.181175282,,,,,,,
837,-0.495970596,,,,,,,
838,1.042136079,,,,,,,
839,-0.116075752,,,,,,,
840,-1.205466683,,,,,,,
841,6.311325916,,,,,,,
842,1.841444182,,,,,,,
843,5.034569335,,,,,,,
844,3.646479055,,,,,,,
845,-0.035419169,,,,,,,
846,-0.040602548,,,,,,,
847,0.090690986,,,,,,,
848,-0.210645903,,,,,,,
849,-0.070775633,,,,,,,
850,-0.122548945,,,,,,,
851,0.000308075,,,,,,,
852,-0.082530516,,,,,,,
853,0.009823549,,,,,,,
854,-0.099685049,,,,,,,
855,-0.775022641,,,,,,,
856,0.371864136,,,,,,,
857,0.399765433,,,,,,,
858,1.082313706,,,,,,,
859,0.159831309,,,,,,,
860,0.051137448,,,,,,,
861,0.019159358,,,,,,,
862,0.012611331,,,,,,,
863,-1.956856147,,,,,,,
864,0.058602572,,,,,,,
865,-0.359966824,,,,,,,
866,0.01221203,,,,,,,
867,-2.339660994,,,,,,,
868,-9.905719174,,,,,,,
869,1.531406119,,,,,,,
870,9.871919209,,,,,,,
871,-0.047677327,,,,,,,
872,-0.074107026,,,,,,,
873,-0.073526086,,,,,,,
874,0.00629822,,,,,,,
875,-0.065912081,,,,,,,
876,0.031970122,,,,,,,
877,0.649650602,,,,,,,
878,0.179612478,,,,,,,
879,-0.099355714,,,,,,,
880,0.267979096,,,,,,,
881,-0.008962804,,,,,,,
882,0.300412077,,,,,,,
883,0.618530793,,,,,,,
884,0.62611958,,,,,,,
885,0.670904705,,,,,,,
886,-2.539906393,,,,,,,
887,2.05876132,,,,,,,
888,0.000957987,,,,,,,
889,-0.226194413,,,,,,,
890,0.432770103,,,,,,,
891,-3.033932013,,,,,,,
892,0.003581485,,,,,,,
893,16.41559791,,,,,,,
894,0.321731046,,,,,,,
895,0.305938935,,,,,,,
896,-0.002910572,,,,,,,
897,0.008234999,,,,,,,
898,0.399830032,,,,,,,
899,-0.665103607,,,,,,,
900,-0.045109609,,,,,,,
901,0.089484825,,,,,,,
902,-2.05323821,,,,,,,
903,-0.015166218,,,,,,,
904,-0.281490918,,,,,,,
905,-0.144841459,,,,,,,
906,11.15414995,,,,,,,
907,1.705580769,,,,,,,
908,0.050850397,,,,,,,
909,-0.032411987,,,,,,,
910,-0.049061323,,,,,,,
911,-0.038769554,,,,,,,
912,-0.206139642,,,,,,,
913,0.043615133,,,,,,,
914,-0.848928762,,,,,,,
915,0.613388972,,,,,,,
916,-0.710592979,,,,,,,
917,0.009592124,,,,,,,
918,-0.00227803,,,,,,,
919,-0.141745758,,,,,,,
920,-0.038824611,,,,,,,
921,-0.470810886,,,,,,,
922,-0.01855955,,,,,,,
923,-0.018787788,,,,,,,
924,-0.093736573,,,,,,,
925,-0.053429598,,,,,,,
926,-0.029635185,,,,,,,
927,0.197412291,,,,,,,
928,0.007653218,,,,,,,
929,0.042836838,,,,,,,
930,-0.305230557,,,,,,,
931,0.058412097,,,,,,,
932,1.209825863,,,,,,,
933,-0.598586548,,,,,,,
934,0.008294023,,,,,,,
935,0.593154867,,,,,,,
936,-0.013238155,,,,,,,
937,0.125625776,,,,,,,
938,0.009971817,,,,,,,
939,-0.703905375,,,,,,,
940,-0.941777572,,,,,,,
941,3.237398154,,,,,,,
942,0.227306357,,,,,,,
943,-1.065852572,,,,,,,
944,-6.561144688,,,,,,,
945,-3.076823603,,,,,,,
946,0.178963972,,,,,,,
947,-0.124970424,,,,,,,
948,-0.11479425,,,,,,,
949,0.034653452,,,,,,,
950,-0.013001763,,,,,,,
951,-0.167572541,,,,,,,
952,-0.04239913,,,,,,,
953,0.286080353,,,,,,,
954,0.106571407,,,,,,,
955,0.201972083,,,,,,,
956,-0.144656538,,,,,,,
957,0.037696472,,,,,,,
958,-0.202307297,,,,,,,
959,0.642171143,,,,,,,
960,-0.002469215,,,,,,,
961,0.069678035,,,,,,,
962,-0.000346401,,,,,,,
963,0.036166398,,,,,,,
964,-0.009409506,,,,,,,
965,2.555029504,,,,,,,
966,0.202787831,,,,,,,
967,0.064663159,,,,,,,
968,-0.111512623,,,,,,,
969,-0.034189379,,,,,,,
970,0.045998155,,,,,,,
971,0.104167153,,,,,,,
972,0.290920571,,,,,,,
973,0.62226561,,,,,,,
974,12.52473717,,,,,,,
975,0.008346796,,,,,,,
976,0.028007748,,,,,,,
977,1.08938333,,,,,,,
978,5.392177698,,,,,,,
979,-0.69977798,,,,,,,
980,-0.061417656,,,,,,,
981,0.029276739,,,,,,,
982,0.262095263,,,,,,,
983,-2.875952163,,,,,,,
984,-3.614410602,,,,,,,
985,-0.033399811,,,,,,,
986,-0.041229607,,,,,,,
987,0.004415026,,,,,,,
988,-0.243066413,,,,,,,
989,0.157767185,,,,,,,
990,0.858259644,,,,,,,
991,0.455664717,,,,,,,
992,6.878784824,,,,,,,
993,10.16374868,,,,,,,
994,1.338943293,,,,,,,
995,3.490178026,,,,,,,
996,-0.047606116,,,,,,,
997,-0.094157104,,,,,,,
998,0.103241691,,,,,,,
999,-0.767832287,,,,,,,
1000,5.665981296,,,,,,,
1001,2.473167778,,,,,,,
1002,-3.014045163,,,,,,,
1003,0.43309884,,,,,,,
1004,-5.604531042,,,,,,,
1005,-8.7988682,,,,,,,
1006,-0.00256041,,,,,,,
1007,-0.083071706,,,,,,,
1008,1.643724898,,,,,,,
1009,4.427766481,,,,,,,
1010,-0.078419195,,,,,,,
1011,0.159615809,,,,,,,
1012,0.38588194,,,,,,,
1013,-0.314523843,,,,,,,
1014,0.047747873,,,,,,,
1015,-0.116308912,,,,,,,
1016,-0.022831435,,,,,,,
1017,-0.041596145,,,,,,,
1018,-0.254134933,,,,,,,
1019,-0.032619201,,,,,,,
1020,-0.027960762,,,,,,,
1021,-0.110226226,,,,,,,
1022,3.338571639,,,,,,,
1023,-21.39863037,,,,,,,
1024,-6.873667409,,,,,,,
1025,0.000691027,,,,,,,
1026,-0.127399334,,,,,,,
1027,0.231658913,,,,,,,
1028,0.069433867,,,,,,,
1029,0.00139778,,,,,,,
1030,0.963747065,,,,,,,
1031,-0.717528622,,,,,,,
1032,-3.387036214,,,,,,,
1033,4.917354283,,,,,,,
1034,-1.437979106,,,,,,,
1035,0.153857146,,,,,,,
1036,-15.70578445,,,,,,,
1037,-18.81377006,,,,,,,
1038,2.020317081,,,,,,,
1039,-0.28075402,,,,,,,
1040,-0.082609381,,,,,,,
1041,0.152913786,,,,,,,
1042,-0.02129591,,,,,,,
1043,0.006024651,,,,,,,
1044,-0.004740076,,,,,,,
1045,0.02588561,,,,,,,
1046,-0.303071375,,,,,,,
1047,-0.014105647,,,,,,,
1048,-2.036070683,,,,,,,
1049,6.334977013,,,,,,,
1050,1.966353321,,,,,,,
1051,-0.080610107,,,,,,,
1052,0.01766013,,,,,,,
1053,0.325310827,,,,,,,
1054,-0.351077471,,,,,,,
1055,-0.010001205,,,,,,,
1056,0.007868922,,,,,,,
1057,-0.206747436,,,,,,,
1058,-0.046080335,,,,,,,
1059,0.008627311,,,,,,,
1060,-0.046982674,,,,,,,
1061,0.271016275,,,,,,,
1062,-0.059083063,,,,,,,
1063,-1.042810253,,,,,,,
1064,8.655025679,,,,,,,
1065,-0.062778724,,,,,,,
1066,0.288415354,,,,,,,
1067,0.266144909,,,,,,,
1068,-0.075191942,,,,,,,
1069,0.026813109,,,,,,,
1070,0.005483254,,,,,,,
1071,0.034897202,,,,,,,
1072,-0.034268157,,,,,,,
1073,0.888154216,,,,,,,
1074,2.551946423,,,,,,,
1075,0.014830784,,,,,,,
1076,-0.019563129,,,,,,,
1077,0.112359464,,,,,,,
1078,-0.009475165,,,,,,,
1079,-0.035262905,,,,,,,
1080,-0.004228515,,,,,,,
1081,-1.6249514,,,,,,,
1082,-0.874605257,,,,,,,
1083,-1.914770746,,,,,,,
1084,-0.512006614,,,,,,,
1085,-0.095403582,,,,,,,
1086,-0.203519837,,,,,,,
1087,0.166727133,,,,,,,
1088,0.003212821,,,,,,,
1089,-0.066150529,,,,,,,
1090,0.75141067,,,,,,,
1091,9.483427958,,,,,,,
1092,-1.053468588,,,,,,,
1093,-5.275852293,,,,,,,
1094,-0.348398991,,,,,,,
1095,3.330553992,,,,,,,
1096,-0.053514793,,,,,,,
1097,0.230976774,,,,,,,
1098,0.036898808,,,,,,,
1099,0.021235206,,,,,,,
1100,0.150110948,,,,,,,
1101,-0.038859853,,,,,,,
1102,-0.022198872,,,,,,,
1103,-0.043684923,,,,,,,
1104,0.269027835,,,,,,,
1105,0.197950504,,,,,,,
1106,-0.717933457,,,,,,,
1107,-1.807965914,,,,,,,
1108,0.079476413,,,,,,,
1109,0.032706911,,,,,,,
1110,-0.020694778,,,,,,,
1111,-0.030628248,,,,,,,
1112,0.032929183,,,,,,,
1113,-2.222301528,,,,,,,
1114,-0.052551331,,,,,,,
1115,0.060843066,,,,,,,
1116,-0.176026586,,,,,,,
1117,0.351007646,,,,,,,
1118,-0.423848102,,,,,,,
1119,-0.761386108,,,,,,,
1120,-5.10466774,,,,,,,
1121,-6.283705149,,,,,,,
1122,8.391337748,,,,,,,
1123,-3.090320165,,,,,,,
1124,9.843459635,,,,,,,
1125,0.060824524,,,,,,,
1126,-0.016505946,,,,,,,
1127,-1.144631848,,,,,,,
1128,5.106160554,,,,,,,
1129,3.394260186,,,,,,,
1130,0.207114058,,,,,,,
1131,-1.434193188,,,,,,,
1132,-0.752317987,,,,,,,
1133,-0.062609576,,,,,,,
1134,0.620560553,,,,,,,
1135,-0.652993205,,,,,,,
1136,-1.550302099,,,,,,,
1137,0.191454716,,,,,,,
1138,-0.261556809,,,,,,,
1139,-0.328485321,,,,,,,
1140,-0.097378774,,,,,,,
1141,-2.556682792,,,,,,,
1142,19.840354,,,,,,,
1143,-0.092681186,,,,,,,
1144,-0.051576293,,,,,,,
1145,-3.116289253,,,,,,,
1146,4.823207537,,,,,,,
1147,6.458610043,,,,,,,
1148,3.446845076,,,,,,,
1149,3.783340804,,,,,,,
1150,-0.039376974,,,,,,,
1151,-0.033628681,,,,,,,
1152,0.02064552,,,,,,,
1153,-0.031567919,,,,,,,
1154,-0.332681666,,,,,,,
1155,2.599270574,,,,,,,
1156,0.208137411,,,,,,,
1157,-0.149555838,,,,,,,
1158,1.248185689,,,,,,,
1159,-0.117178016,,,,,,,
1160,-0.10699988,,,,,,,
1161,0.263374885,,,,,,,
1162,0.054804718,,,,,,,
1163,-1.363910397,,,,,,,
1164,-4.900829677,,,,,,,
1165,-17.23120984,,,,,,,
1166,13.65755908,,,,,,,
1167,-8.975896453,,,,,,,
1168,-2.060953255,,,,,,,
1169,-8.405924174,,,,,,,
1170,-0.014213602,,,,,,,
1171,-2.380161987,,,,,,,
1172,4.703634553,,,,,,,
1173,6.753799604,,,,,,,
1174,10.78305634,,,,,,,
1175,0.845394468,,,,,,,
1176,-0.489919689,,,,,,,
1177,0.005289346,,,,,,,
1178,-0.059262542,,,,,,,
1179,-0.024294629,,,,,,,
1180,0.143576966,,,,,,,
1181,-0.048219295,,,,,,,
1182,-0.315959204,,,,,,,
1183,0.327943909,,,,,,,
1184,-0.17021921,,,,,,,
1185,0.903847099,,,,,,,
1186,1.172586095,,,,,,,
1187,3.3929031,,,,,,,
1188,-0.030903596,,,,,,,
1189,-1.335484139,,,,,,,
1190,-0.287343626,,,,,,,
1191,0.319952244,,,,,,,
1192,-0.400953463,,,,,,,
1193,-4.580063077,,,,,,,
1194,-4.870871093,,,,,,,
1195,0.174827665,,,,,,,
1196,-0.008951019,,,,,,,
1197,-0.019130138,,,,,,,
1198,0.160035619,,,,,,,
1199,-0.002586074,,,,,,,
1200,-0.349846635,,,,,,,
1201,-0.027356544,,,,,,,
1202,-0.081721847,,,,,,,
1203,-1.137445985,,,,,,,
1204,0.202627165,,,,,,,
1205,-4.370919039,,,,,,,
1206,-7.457846322,,,,,,,
1207,0.017603465,,,,,,,
1208,-0.062479053,,,,,,,
1209,0.09451509,,,,,,,
1210,0.005325362,,,,,,,
1211,0.004050954,,,,,,,
1212,-0.004181112,,,,,,,
1213,0.017624085,,,,,,,
1214,-0.163365073,,,,,,,
1215,-0.060045102,,,,,,,
1216,-0.004030275,,,,,,,
1217,0.018834019,,,,,,,
1218,0.158372834,,,,,,,
1219,-0.059218836,,,,,,,
1220,-0.013107651,,,,,,,
1221,0.065672418,,,,,,,
1222,0.367415697,,,,,,,
1223,-0.794809456,,,,,,,
1224,-0.386567232,,,,,,,
1225,-0.115469716,,,,,,,
1226,0.021510895,,,,,,,
1227,0.387666622,,,,,,,
1228,-3.047442447,,,,,,,
1229,3.985200815,,,,,,,
1230,-4.170413051,,,,,,,
1231,0.556448726,,,,,,,
1232,-1.382085278,,,,,,,
1233,1.010640355,,,,,,,
1234,-0.107056507,,,,,,,
1235,0.092264536,,,,,,,
1236,0.417395802,,,,,,,
1237,1.406043299,,,,,,,
1238,8.237323186,,,,,,,
1239,-0.006599027,,,,,,,
1240,-0.325970772,,,,,,,
1241,-6.219062664,,,,,,,
1242,1.177273783,,,,,,,
1243,0.016660852,,,,,,,
1244,-0.158567781,,,,,,,
1245,0.274078796,,,,,,,
1246,-0.420908957,,,,,,,
1247,-9.822564239,,,,,,,
1248,-0.150335926,,,,,,,
1249,0.08978473,,,,,,,
1250,0.018963906,,,,,,,
1251,-0.083614032,,,,,,,
1252,-0.169016209,,,,,,,
1253,0.048265959,,,,,,,
1254,0.145083753,,,,,,,
1255,0.004013325,,,,,,,
1256,0.266289126,,,,,,,
1257,-0.018007859,,,,,,,
1258,0.018636563,,,,,,,
1259,-0.44171667,,,,,,,
1260,0.656140149,,,,,,,
1261,-6.845049481,,,,,,,
1262,-10.49561356,,,,,,,
1263,11.35198444,,,,,,,
1264,6.838979,,,,,,,
1265,-1.937880614,,,,,,,
1266,19.74277927,,,,,,,
1267,11.00185244,,,,,,,
1268,2.443503519,,,,,,,
1269,0.367266412,,,,,,,
1270,0.006409479,,,,,,,
1271,0.015704226,,,,,,,
1272,0.247116253,,,,,,,
1273,-1.694561962,,,,,,,
1274,-2.155604532,,,,,,,
1275,-13.19016436,,,,,,,
1276,0.032708085,,,,,,,
1277,-1.810673613,,,,,,,
1278,0.855965042,,,,,,,
1279,-2.162122497,,,,,,,
1280,-0.049924709,,,,,,,
1281,0.075522984,,,,,,,
1282,-0.147738743,,,,,,,
1283,-0.069242634,,,,,,,
1284,-0.005759672,,,,,,,
1285,-0.083201807,,,,,,,
1286,-0.617623518,,,,,,,
1287,-0.362548367,,,,,,,
1288,0.507540223,,,,,,,
1289,-0.096368061,,,,,,,
1290,0.026284952,,,,,,,
1291,0.187252314,,,,,,,
1292,0,,,,,,,
1293,-0.315764049,,,,,,,
1294,-0.459055823,,,,,,,
1295,0.027893592,,,,,,,
1296,-0.1656358,,,,,,,
1297,-0.112922694,,,,,,,
1298,-0.090146967,,,,,,,
1299,0.002629813,,,,,,,
1300,-0.065445805,,,,,,,
1301,-0.002403572,,,,,,,
1302,0.032297535,,,,,,,
1303,-0.253005923,,,,,,,
1304,-0.096517305,,,,,,,
1305,0.035995098,,,,,,,
1306,-2.511638446,,,,,,,
1307,-7.276416254,,,,,,,
1308,-0.263453453,,,,,,,
1309,-0.046216384,,,,,,,
1310,1.354492414,,,,,,,
1311,-3.498147533,,,,,,,
1312,0.229747661,,,,,,,
1313,-1.269482251,,,,,,,
1314,-0.328149801,,,,,,,
1315,0.143830373,,,,,,,
1316,-0.014172667,,,,,,,
1317,-0.640000238,,,,,,,
1318,0.012793241,,,,,,,
1319,-0.018238998,,,,,,,
1320,1.094796081,,,,,,,
1321,0.458893468,,,,,,,
1322,-0.78877661,,,,,,,
1323,0.346008963,,,,,,,
1324,-0.079894001,,,,,,,
1325,0.236705399,,,,,,,
1326,-3.243181554,,,,,,,
1327,-1.183766274,,,,,,,
1328,-11.54449499,,,,,,,
1329,-9.92607811,,,,,,,
1330,-14.0310796,,,,,,,
1331,-0.098996831,,,,,,,
1332,3.296899924,,,,,,,
1333,0.475366856,,,,,,,
1334,0.138740661,,,,,,,
1335,-0.418875882,,,,,,,
1336,0.451058359,,,,,,,
1337,0.581309632,,,,,,,
1338,-0.000113015,,,,,,,
1339,0.123303578,,,,,,,
1340,-0.014250384,,,,,,,
1341,0.638765353,,,,,,,
1342,-1.310248499,,,,,,,
1343,2.475740679,,,,,,,
1344,4.002107401,,,,,,,
1345,-6.949968482,,,,,,,
1346,-0.537224305,,,,,,,
1347,-0.025503888,,,,,,,
1348,-0.273884035,,,,,,,
1349,-0.162863705,,,,,,,
1350,-0.026600476,,,,,,,
1351,8.11E-05,,,,,,,
1352,-0.066547704,,,,,,,
1353,-0.298529668,,,,,,,
1354,-0.015400648,,,,,,,
1355,-0.918519615,,,,,,,
1356,0.83852823,,,,,,,
1357,-2.012405911,,,,,,,
1358,4.234768492,,,,,,,
1359,-12.80539025,,,,,,,
1360,-1.315632101,,,,,,,
1361,-10.1906581,,,,,,,
1362,-3.991205128,,,,,,,
1363,-0.242739322,,,,,,,
1364,-24.17721413,,,,,,,
1365,0.026175675,,,,,,,
1366,-0.758833838,,,,,,,
1367,9.258411862,,,,,,,
1368,0.059445947,,,,,,,
1369,0.027073267,,,,,,,
1370,-0.430086679,,,,,,,
1371,0.08838138,,,,,,,
1372,-0.206013765,,,,,,,
1373,0.646016602,,,,,,,
1374,2.711014477,,,,,,,
1375,-0.581963742,,,,,,,
1376,-0.274836864,,,,,,,
1377,-0.294595217,,,,,,,
1378,-0.036725182,,,,,,,
1379,-13.63062048,,,,,,,
1380,-1.749961106,,,,,,,
1381,-0.655201801,,,,,,,
1382,-0.006979947,,,,,,,
1383,-0.114252741,,,,,,,
1384,-3.793168816,,,,,,,
1385,8.673138875,,,,,,,
1386,-3.119060567,,,,,,,
1387,1.666353346,,,,,,,
1388,1.190138185,,,,,,,
1389,0.013699025,,,,,,,
1390,-0.047227456,,,,,,,
1391,-0.051454525,,,,,,,
1392,-1.261722351,,,,,,,
1393,0.519304206,,,,,,,
1394,-7.765068553,,,,,,,
1395,3.329339772,,,,,,,
1396,5.943873699,,,,,,,
1397,-7.45714172,,,,,,,
1398,1.962082612,,,,,,,
1399,-0.028659837,,,,,,,
1400,0.047608349,,,,,,,
1401,-0.055755235,,,,,,,
1402,2.228014178,,,,,,,
1403,-0.027613564,,,,,,,
1404,1.664688643,,,,,,,
1405,-0.808734818,,,,,,,
1406,-0.338514721,,,,,,,
1407,-0.030390836,,,,,,,
1408,-0.133186247,,,,,,,
1409,2.002065888,,,,,,,
1410,-0.306873592,,,,,,,
1411,0.266808762,,,,,,,
1412,-0.076976535,,,,,,,
1413,0.023947998,,,,,,,
1414,-0.279229933,,,,,,,
1415,7.126536708,,,,,,,
1416,0.02917022,,,,,,,
1417,-0.028616239,,,,,,,
1418,-0.002492508,,,,,,,
1419,-0.062142716,,,,,,,
1420,0.022706625,,,,,,,
1421,-0.286770122,,,,,,,
1422,-0.016863723,,,,,,,
1423,1.322965744,,,,,,,
1424,0.203999811,,,,,,,
1425,-0.174352067,,,,,,,
1426,-0.020153144,,,,,,,
1427,-0.051605651,,,,,,,
1428,0.279351025,,,,,,,
1429,0.305260209,,,,,,,
1430,0.014967992,,,,,,,
1431,-0.006850712,,,,,,,
1432,0.112316721,,,,,,,
1433,-1.17817563,,,,,,,
1434,-1.139796177,,,,,,,
1435,-1.017851808,,,,,,,
1436,0.196247813,,,,,,,
1437,0.498523736,,,,,,,
1438,-0.420479871,,,,,,,
1439,0.010904262,,,,,,,
1440,0.057038035,,,,,,,
1441,-0.122421919,,,,,,,
1442,-0.000640229,,,,,,,
1443,0.036947629,,,,,,,
1444,-0.080388091,,,,,,,
1445,-0.039962574,,,,,,,
1446,-0.067182339,,,,,,,
1447,0.017327709,,,,,,,
1448,1.730056526,,,,,,,
1449,3.807109786,,,,,,,
1450,12.00332929,,,,,,,
1451,-0.01433207,,,,,,,
1452,0,,,,,,,
1453,0.017812661,,,,,,,
1454,-0.002892332,,,,,,,
1455,0.041096105,,,,,,,
1456,-2.250336304,,,,,,,
1457,0.241271777,,,,,,,
1458,-0.121084179,,,,,,,
1459,-0.011923676,,,,,,,
1460,0.280717029,,,,,,,
1461,0.004834974,,,,,,,
1462,-0.309571656,,,,,,,
1463,-0.028018935,,,,,,,
1464,0.001805644,,,,,,,
1465,0.037397443,,,,,,,
1466,1.876823091,,,,,,,
1467,2.039686067,,,,,,,
1468,0.297117969,,,,,,,
1469,-3.829442205,,,,,,,
1470,0.794600583,,,,,,,
1471,-0.075243926,,,,,,,
1472,0.068761058,,,,,,,
1473,0.053944569,,,,,,,
1474,0.153182393,,,,,,,
1475,-0.083138435,,,,,,,
1476,-2.989896765,,,,,,,
1477,1.043791397,,,,,,,
1478,1.745160314,,,,,,,
1479,0.007873745,,,,,,,
1480,0.111479821,,,,,,,
1481,2.829165517,,,,,,,
1482,0.146963117,,,,,,,
1483,-1.812702922,,,,,,,
1484,0.138359239,,,,,,,
1485,-0.381009193,,,,,,,
1486,-0.256264657,,,,,,,
1487,-0.387525569,,,,,,,
1488,-0.967808733,,,,,,,
1489,7.64121957,,,,,,,
1490,-0.072713759,,,,,,,
1491,-1.553843476,,,,,,,
1492,-3.219202102,,,,,,,
1493,3.988971662,,,,,,,
1494,-8.938898378,,,,,,,
1495,-2.81248078,,,,,,,
1496,0.014372359,,,,,,,
1497,1.688422234,,,,,,,
1498,3.54473736,,,,,,,
1499,-9.429357603,,,,,,,
1500,-0.032403792,,,,,,,
1501,-0.007768158,,,,,,,
1502,-1.185100625,,,,,,,
1503,1.426691774,,,,,,,
1504,-0.002203787,,,,,,,
1505,-0.003251067,,,,,,,
1506,-0.041727959,,,,,,,
1507,-3.498419381,,,,,,,
1508,2.161040839,,,,,,,
1509,-0.913418788,,,,,,,
1510,0.00353346,,,,,,,
1511,0.011611824,,,,,,,
1512,-0.006056374,,,,,,,
1513,0.073615699,,,,,,,
1514,-0.015109619,,,,,,,
1515,0.012804013,,,,,,,
1516,1.066276288,,,,,,,
1517,-0.134643181,,,,,,,
1518,-0.019496848,,,,,,,
1519,-3.916526689,,,,,,,
1520,-0.329352454,,,,,,,
1521,0.022116682,,,,,,,
1522,-0.159512927,,,,,,,
1523,-0.022127763,,,,,,,
1524,0.000238681,,,,,,,
1525,0.018451229,,,,,,,
1526,0.023245587,,,,,,,
1527,0.241711787,,,,,,,
1528,0.002721235,,,,,,,
1529,0.023159413,,,,,,,
1530,-0.001204803,,,,,,,
1531,-1.73E-05,,,,,,,
1532,-0.117047171,,,,,,,
1533,-0.744966571,,,,,,,
1534,-4.699253771,,,,,,,
1535,-4.816748508,,,,,,,
1536,0.075423581,,,,,,,
1537,-0.063169957,,,,,,,
1538,0.112816526,,,,,,,
1539,-0.220932316,,,,,,,
1540,0.00922209,,,,,,,
1541,-0.008348385,,,,,,,
1542,-0.539964213,,,,,,,
1543,0.021322494,,,,,,,
1544,-1.503147812,,,,,,,
1545,0.039430981,,,,,,,
1546,-0.071777382,,,,,,,
1547,0.438014069,,,,,,,
1548,0.036350424,,,,,,,
1549,0.153828958,,,,,,,
1550,-0.033277277,,,,,,,
1551,0.560668669,,,,,,,
1552,0.047275013,,,,,,,
1553,-0.803035468,,,,,,,
1554,-0.168889337,,,,,,,
1555,-1.336692105,,,,,,,
1556,-9.50562867,,,,,,,
1557,-11.0262338,,,,,,,
1558,-2.354999239,,,,,,,
1559,0.221061524,,,,,,,
1560,0.001391669,,,,,,,
1561,11.57883391,,,,,,,
1562,0.015350519,,,,,,,
1563,0.250681743,,,,,,,
1564,-0.078751127,,,,,,,
1565,-0.291830116,,,,,,,
1566,0.028680015,,,,,,,
1567,-0.034786628,,,,,,,
1568,0.003872896,,,,,,,
1569,0.693023039,,,,,,,
1570,-0.32047443,,,,,,,
1571,-0.008688371,,,,,,,
1572,-0.072203238,,,,,,,
1573,0.113296032,,,,,,,
1574,-0.202573634,,,,,,,
1575,0.033118998,,,,,,,
1576,3.698070595,,,,,,,
1577,-1.711928745,,,,,,,
1578,-0.173175397,,,,,,,
1579,-0.136559563,,,,,,,
1580,-0.015873531,,,,,,,
1581,-0.059182698,,,,,,,
1582,-0.206965861,,,,,,,
1583,-0.585676356,,,,,,,
1584,-0.095409497,,,,,,,
1585,0.062396512,,,,,,,
1586,-0.007509251,,,,,,,
1587,-2.058520149,,,,,,,
1588,1.473847232,,,,,,,
1589,0.385117178,,,,,,,
1590,0.179510695,,,,,,,
1591,0.025777454,,,,,,,
1592,-1.699510185,,,,,,,
1593,0.025213247,,,,,,,
1594,12.73150704,,,,,,,
1595,-1.145474369,,,,,,,
1596,-0.002582774,,,,,,,
1597,0.203313217,,,,,,,
1598,-0.061401578,,,,,,,
1599,0.243163325,,,,,,,
1600,1.449218583,,,,,,,
1601,8.422331532,,,,,,,
1602,0.114862015,,,,,,,
1603,0.139197835,,,,,,,
1604,0.368749791,,,,,,,
1605,-1.17915632,,,,,,,
1606,-2.93326571,,,,,,,
1607,7.944001591,,,,,,,
1608,6.787971685,,,,,,,
1609,-2.672345868,,,,,,,
1610,0.070841803,,,,,,,
1611,-0.157650569,,,,,,,
1612,0.004582641,,,,,,,
1613,0.079915257,,,,,,,
1614,0.011220869,,,,,,,
1615,-0.343025908,,,,,,,
1616,3.994335543,,,,,,,
1617,-4.443717352,,,,,,,
1618,2.681862274,,,,,,,
1619,-7.233223974,,,,,,,
1620,1.431949762,,,,,,,
1621,11.67222966,,,,,,,
1622,-0.162771027,,,,,,,
1623,0.255437028,,,,,,,
1624,0.028322409,,,,,,,
1625,-0.239935253,,,,,,,
1626,0.720325598,,,,,,,
1627,0.496263763,,,,,,,
1628,0.213243198,,,,,,,
1629,0.029244887,,,,,,,
1630,0.149285689,,,,,,,
1631,-0.077415187,,,,,,,
1632,0.021911493,,,,,,,
1633,-0.037768546,,,,,,,
1634,0.006880775,,,,,,,
1635,0.46050237,,,,,,,
1636,0.761195982,,,,,,,
1637,2.107524698,,,,,,,
1638,1.079035335,,,,,,,
1639,-0.008893429,,,,,,,
1640,-0.219470879,,,,,,,
1641,-0.003252718,,,,,,,
1642,-0.039509483,,,,,,,
1643,0.018264685,,,,,,,
1644,1.791970981,,,,,,,
1645,0.760454493,,,,,,,
1646,-0.02276571,,,,,,,
1647,0.262211984,,,,,,,
1648,-0.032607026,,,,,,,
1649,-0.413035353,,,,,,,
1650,1.297693832,,,,,,,
1651,1.657569099,,,,,,,
1652,0.109229974,,,,,,,
1653,-0.101941065,,,,,,,
1654,0.104704751,,,,,,,
1655,-0.014178488,,,,,,,
1656,0.013919908,,,,,,,
1657,0.114847977,,,,,,,
1658,-0.028529144,,,,,,,
1659,-0.030846293,,,,,,,
1660,-1.914818275,,,,,,,
1661,-0.209395693,,,,,,,
1662,0.114617128,,,,,,,
1663,0.239887172,,,,,,,
1664,0.013608728,,,,,,,
1665,0.577712659,,,,,,,
1666,0.067827466,,,,,,,
1667,0.116533656,,,,,,,
1668,-3.020785517,,,,,,,
1669,-13.21819231,,,,,,,
1670,23.8830939,,,,,,,
1671,-0.003353048,,,,,,,
1672,0.108856241,,,,,,,
1673,1.232261094,,,,,,,
1674,16.73057039,,,,,,,
1675,0.021857738,,,,,,,
1676,0.001396197,,,,,,,
1677,-0.013755728,,,,,,,
1678,-4.00810183,,,,,,,
1679,-20.58341459,,,,,,,
1680,14.50232639,,,,,,,
1681,6.858575075,,,,,,,
1682,-6.1229581,,,,,,,
1683,-0.044572796,,,,,,,
1684,-0.119514498,,,,,,,
1685,0.194843422,,,,,,,
1686,-0.104542534,,,,,,,
1687,-0.091957316,,,,,,,
1688,-0.636303663,,,,,,,
1689,0.196813238,,,,,,,
1690,-0.019238133,,,,,,,
1691,0.008461602,,,,,,,
1692,-0.303432147,,,,,,,
1693,-1.144926885,,,,,,,
1694,-0.332925463,,,,,,,
1695,0.421037486,,,,,,,
1696,0.204069655,,,,,,,
1697,-0.050550697,,,,,,,
1698,0.067701166,,,,,,,
1699,-0.220194061,,,,,,,
1700,0.229317512,,,,,,,
1701,-0.183022837,,,,,,,
1702,-0.255573581,,,,,,,
1703,-1.294875559,,,,,,,
1704,-5.994324825,,,,,,,
1705,4.344186686,,,,,,,
1706,10.46184497,,,,,,,
1707,-3.234461948,,,,,,,
1708,-13.29931127,,,,,,,
1709,5.752785633,,,,,,,
1710,2.80063579,,,,,,,
1711,-12.72590235,,,,,,,
1712,-7.971408281,,,,,,,
1713,-1.480670556,,,,,,,
1714,6.240605839,,,,,,,
1715,0.079160275,,,,,,,
1716,-2.53611288,,,,,,,
1717,-2.88435246,,,,,,,
1718,0.01278266,,,,,,,
1719,-0.106721593,,,,,,,
1720,0.282068284,,,,,,,
1721,-0.44856185,,,,,,,
1722,-0.00784309,,,,,,,
1723,-0.00792506,,,,,,,
1724,0.013315255,,,,,,,
1725,-0.012815223,,,,,,,
1726,0.043512914,,,,,,,
1727,0.285153454,,,,,,,
1728,-0.434431835,,,,,,,
1729,0.22498902,,,,,,,
1730,0.36152152,,,,,,,
1731,0.490729255,,,,,,,
1732,-0.050176341,,,,,,,
1733,-0.00308804,,,,,,,
1734,0.130023733,,,,,,,
1735,0.362006918,,,,,,,
1736,-0.014079797,,,,,,,
1737,-0.082378322,,,,,,,
1738,0.029598918,,,,,,,
1739,0.008878703,,,,,,,
1740,0.113469765,,,,,,,
1741,-0.009015233,,,,,,,
1742,0.018841696,,,,,,,
1743,-0.086108265,,,,,,,
1744,-1.655280792,,,,,,,
1745,0.260666286,,,,,,,
1746,0.290924778,,,,,,,
1747,-4.708665094,,,,,,,
1748,-0.647135002,,,,,,,
1749,1.124798535,,,,,,,
1750,-7.754954479,,,,,,,
1751,-5.596306674,,,,,,,
1752,1.450588232,,,,,,,
1753,-0.012759746,,,,,,,
1754,-0.242719008,,,,,,,
1755,3.431614133,,,,,,,
1756,0.039736855,,,,,,,
1757,0.008534694,,,,,,,
1758,2.935795985,,,,,,,
1759,3.633917331,,,,,,,
1760,-7.944637954,,,,,,,
1761,-11.70481074,,,,,,,
1762,0.965171361,,,,,,,
1763,2.681220664,,,,,,,
1764,5.508057571,,,,,,,
1765,2.562676627,,,,,,,
1766,-0.011328204,,,,,,,
1767,0.193693405,,,,,,,
1768,-0.025177186,,,,,,,
1769,-0.046021867,,,,,,,
1770,-0.001673916,,,,,,,
1771,0.294465537,,,,,,,
1772,-0.089531043,,,,,,,
1773,0.311813169,,,,,,,
1774,0.554968289,,,,,,,
1775,11.71687893,,,,,,,
1776,-1.166076776,,,,,,,
1777,1.611518561,,,,,,,
1778,-0.013231983,,,,,,,
1779,-1.534424941,,,,,,,
1780,-13.80868733,,,,,,,
1781,-0.066854847,,,,,,,
1782,0.000342656,,,,,,,
1783,-0.040850402,,,,,,,
1784,0.08952577,,,,,,,
1785,-0.386330482,,,,,,,
1786,0.084276771,,,,,,,
1787,-0.886601761,,,,,,,
1788,5.189196454,,,,,,,
1789,2.675348055,,,,,,,
1790,-1.433470026,,,,,,,
1791,-0.033305852,,,,,,,
1792,0.061370581,,,,,,,
1793,-0.104371299,,,,,,,
1794,-0.051818547,,,,,,,
1795,0.047037023,,,,,,,
1796,0.015515583,,,,,,,
1797,-0.064028226,,,,,,,
1798,1.038578719,,,,,,,
1799,0.349449393,,,,,,,
1800,0.145418011,,,,,,,
1801,-0.131757315,,,,,,,
1802,0.002005633,,,,,,,
1803,0.009432704,,,,,,,
1804,-1.109250922,,,,,,,
1805,-6.695823201,,,,,,,
1806,-9.961474676,,,,,,,
1807,-0.082103991,,,,,,,
1808,3.016186919,,,,,,,
1809,-0.17697308,,,,,,,
1810,-0.0903016,,,,,,,
1811,-0.16718792,,,,,,,
1812,-0.003455692,,,,,,,
1813,-1.189592364,,,,,,,
1814,0.011088214,,,,,,,
1815,-0.021551243,,,,,,,
1816,-0.006113985,,,,,,,
1817,0.065449849,,,,,,,
1818,-0.12280415,,,,,,,
1819,-0.092772053,,,,,,,
1820,0.015139162,,,,,,,
1821,-0.032028023,,,,,,,
1822,0.389978093,,,,,,,
1823,0.115092552,,,,,,,
1824,-0.528566822,,,,,,,
1825,-1.567496162,,,,,,,
1826,2.738667172,,,,,,,
1827,-0.021037978,,,,,,,
1828,2.666327127,,,,,,,
1829,3.957992637,,,,,,,
1830,-2.146611148,,,,,,,
1831,0.278286726,,,,,,,
1832,2.657347472,,,,,,,
1833,0.668254318,,,,,,,
1834,0.000446928,,,,,,,
1835,-0.005512291,,,,,,,
1836,-0.017657234,,,,,,,
1837,-0.066147697,,,,,,,
1838,0.10835059,,,,,,,
1839,1.800275229,,,,,,,
1840,1.695625457,,,,,,,
1841,-8.443112364,,,,,,,
1842,3.846005417,,,,,,,
1843,0.073369867,,,,,,,
1844,-0.2108196,,,,,,,
1845,7.849116003,,,,,,,
1846,-2.300060778,,,,,,,
1847,-8.557777527,,,,,,,
1848,-0.114317541,,,,,,,
1849,-0.0254718,,,,,,,
1850,0.124383531,,,,,,,
1851,0.000320789,,,,,,,
1852,-0.042745586,,,,,,,
1853,-0.01335231,,,,,,,
1854,-0.002451003,,,,,,,
1855,0.032870062,,,,,,,
1856,0.011965994,,,,,,,
1857,-0.034705599,,,,,,,
1858,0.078885733,,,,,,,
1859,0.376169833,,,,,,,
1860,0.027893894,,,,,,,
1861,1.179807579,,,,,,,
1862,-0.425483461,,,,,,,
1863,-0.318011012,,,,,,,
1864,0.222259391,,,,,,,
1865,0.195784382,,,,,,,
1866,0.018031333,,,,,,,
1867,0.672333049,,,,,,,
1868,0.046143817,,,,,,,
1869,-4.308613761,,,,,,,
1870,-0.582827867,,,,,,,
1871,-0.010218502,,,,,,,
1872,1.43900109,,,,,,,
1873,-0.194450056,,,,,,,
1874,-0.093267005,,,,,,,
1875,1.234597878,,,,,,,
1876,0.07437443,,,,,,,
1877,-0.121445143,,,,,,,
1878,1.659604847,,,,,,,
1879,1.516546834,,,,,,,
1880,2.493713148,,,,,,,
1881,0.084638929,,,,,,,
1882,-0.508307374,,,,,,,
1883,0.034344321,,,,,,,
1884,-0.081479848,,,,,,,
1885,0.316254409,,,,,,,
1886,-0.002832934,,,,,,,
1887,-2.937370532,,,,,,,
1888,6.28909622,,,,,,,
1889,0.013013507,,,,,,,
1890,-0.185432457,,,,,,,
1891,-0.035491218,,,,,,,
1892,-0.007881598,,,,,,,
1893,-0.012113082,,,,,,,
1894,0.007602409,,,,,,,
1895,0.029645064,,,,,,,
1896,-0.215287304,,,,,,,
1897,0.01085065,,,,,,,
1898,0.075489372,,,,,,,
1899,0.317849079,,,,,,,
1900,-0.113360489,,,,,,,
1901,0.237019516,,,,,,,
1902,-1.940410966,,,,,,,
1903,0.951155102,,,,,,,
1904,7.263732539,,,,,,,
1905,0.050143689,,,,,,,
1906,0.164834646,,,,,,,
1907,-0.154653605,,,,,,,
1908,1.915536435,,,,,,,
1909,0.60245456,,,,,,,
1910,-0.001662959,,,,,,,
1911,0.006517835,,,,,,,
1912,0.100685044,,,,,,,
1913,0.105982022,,,,,,,
1914,0,,,,,,,
1915,-0.294388456,,,,,,,
1916,-2.306747043,,,,,,,
1917,6.344534539,,,,,,,
1918,-3.055229193,,,,,,,
1919,0.052002325,,,,,,,
1920,0.155619713,,,,,,,
1921,-0.223446903,,,,,,,
1922,3.517020114,,,,,,,
1923,0.369671511,,,,,,,
1924,0.113856687,,,,,,,
1925,-0.010480071,,,,,,,
1926,0.010913044,,,,,,,
1927,0.197412654,,,,,,,
1928,-1.538034154,,,,,,,
1929,-3.672912815,,,,,,,
1930,8.630605852,,,,,,,
1931,-9.007362736,,,,,,,
1932,13.28053375,,,,,,,
1933,2.042671086,,,,,,,
1934,-0.029716578,,,,,,,
1935,1.476390874,,,,,,,
1936,0.129454346,,,,,,,
1937,0.833577519,,,,,,,
1938,0.029892457,,,,,,,
1939,-0.016207243,,,,,,,
1940,0.187014042,,,,,,,
1941,0.398899202,,,,,,,
1942,-0.695021373,,,,,,,
1943,-0.00291339,,,,,,,
1944,-1.86118813,,,,,,,
1945,0.060011695,,,,,,,
1946,-0.04862905,,,,,,,
1947,0.658023937,,,,,,,
1948,0.753538262,,,,,,,
1949,0.010805935,,,,,,,
1950,-0.0112782,,,,,,,
1951,-0.086125673,,,,,,,
1952,-0.036886971,,,,,,,
1953,-1.141568917,,,,,,,
1954,0.214009576,,,,,,,
1955,-0.10503616,,,,,,,
1956,-0.015173863,,,,,,,
1957,-0.265022164,,,,,,,
1958,-0.033431785,,,,,,,
1959,0.366047179,,,,,,,
1960,-0.162685994,,,,,,,
1961,0.11445225,,,,,,,
1962,-0.777886686,,,,,,,
1963,0.052928486,,,,,,,
1964,-0.239496473,,,,,,,
1965,-0.006769656,,,,,,,
1966,0.017319905,,,,,,,
1967,-0.974527351,,,,,,,
1968,-0.920456099,,,,,,,
1969,0.034943809,,,,,,,
1970,-0.27639933,,,,,,,
1971,-0.163152908,,,,,,,
1972,3.31187473,,,,,,,
1973,0.025765165,,,,,,,
1974,0.104628389,,,,,,,
1975,1.341051042,,,,,,,
1976,7.756326073,,,,,,,
1977,3.954785375,,,,,,,
1978,-0.001769794,,,,,,,
1979,0.128469677,,,,,,,
1980,-0.074037492,,,,,,,
1981,-0.219393489,,,,,,,
1982,2.383968436,,,,,,,
1983,-0.505203251,,,,,,,
1984,-0.306829121,,,,,,,
1985,-0.139820771,,,,,,,
1986,-12.38320928,,,,,,,
1987,-0.028368709,,,,,,,
1988,0.003797626,,,,,,,
1989,-0.008556047,,,,,,,
1990,0.015489183,,,,,,,
1991,-3.589745733,,,,,,,
1992,0.818768141,,,,,,,
1993,4.235192248,,,,,,,
1994,-1.239212416,,,,,,,
1995,0.004483712,,,,,,,
1996,0.290282298,,,,,,,
1997,0.020182575,,,,,,,
1998,3.596792305,,,,,,,
1999,10.07049238,,,,,,,
